SET session_replication_role = 'replica';
COPY addresses (id, user_id, label, address, city, state, pin, phone, is_default, created_at, updated_at) FROM stdin;
\.
COPY articles (id, user_id, url, title, summary, created_at) FROM stdin;
\.
COPY audit_logs (instance_id, id, payload, created_at, ip_address) FROM stdin;
00000000-0000-0000-0000-000000000000	870bf8ff-3e3b-4416-a6e8-055dce2182a8	{"action":"user_confirmation_requested","actor_id":"0e8665b1-316c-471a-b72f-32224f33da3e","actor_username":"welcometothefuture@gmail.com","actor_via_sso":false,"log_type":"user","traits":{"provider":"email"}}	2025-09-28 09:53:54.645738+00	
00000000-0000-0000-0000-000000000000	a52d4861-6d5d-4449-bf24-ce2a9f81e166	{"action":"user_confirmation_requested","actor_id":"57583c2e-4277-4ff8-a4db-2359346eae4c","actor_username":"viewdodload@gmail.com","actor_via_sso":false,"log_type":"user","traits":{"provider":"email"}}	2025-09-28 10:04:52.850474+00	
00000000-0000-0000-0000-000000000000	f44a0018-ee79-4431-b438-8ef3f5cb6439	{"action":"user_deleted","actor_id":"00000000-0000-0000-0000-000000000000","actor_username":"service_role","actor_via_sso":false,"log_type":"team","traits":{"user_email":"welcometothefuture@gmail.com","user_id":"0e8665b1-316c-471a-b72f-32224f33da3e","user_phone":""}}	2025-09-28 10:05:30.276514+00	
00000000-0000-0000-0000-000000000000	f4bdb1e5-f4e4-4f95-bbd3-30d92c20171b	{"action":"user_confirmation_requested","actor_id":"8ffe7c73-4edf-4f34-9190-6b75c1185791","actor_username":"vebage5411@protonza.com","actor_via_sso":false,"log_type":"user","traits":{"provider":"email"}}	2025-09-28 10:06:28.754689+00	
00000000-0000-0000-0000-000000000000	245df05a-de3e-4258-b9ae-af22ca64ae4d	{"action":"user_confirmation_requested","actor_id":"8ffe7c73-4edf-4f34-9190-6b75c1185791","actor_username":"vebage5411@protonza.com","actor_via_sso":false,"log_type":"user","traits":{"provider":"email"}}	2025-09-28 10:08:14.555317+00	
00000000-0000-0000-0000-000000000000	49ce0c86-9154-4e1a-b7d8-e8bbe7a8b90b	{"action":"user_signedup","actor_id":"8ffe7c73-4edf-4f34-9190-6b75c1185791","actor_username":"vebage5411@protonza.com","actor_via_sso":false,"log_type":"team","traits":{"provider":"email"}}	2025-09-28 10:08:43.983347+00	
00000000-0000-0000-0000-000000000000	57980191-f922-4891-877f-ce9f9b169430	{"action":"login","actor_id":"8ffe7c73-4edf-4f34-9190-6b75c1185791","actor_username":"vebage5411@protonza.com","actor_via_sso":false,"log_type":"account","traits":{"provider":"email"}}	2025-09-28 10:08:57.403992+00	
00000000-0000-0000-0000-000000000000	161901f6-4b4b-4e6a-be20-04997cff9d12	{"action":"login","actor_id":"8ffe7c73-4edf-4f34-9190-6b75c1185791","actor_username":"vebage5411@protonza.com","actor_via_sso":false,"log_type":"account","traits":{"provider":"email"}}	2025-09-28 10:09:24.135004+00	
00000000-0000-0000-0000-000000000000	1bb3aa92-434b-422b-8902-3dbdb13b946b	{"action":"login","actor_id":"8ffe7c73-4edf-4f34-9190-6b75c1185791","actor_username":"vebage5411@protonza.com","actor_via_sso":false,"log_type":"account","traits":{"provider":"email"}}	2025-09-28 10:09:47.233936+00	
00000000-0000-0000-0000-000000000000	3021c4b8-82eb-47cf-be80-a96158513fa0	{"action":"logout","actor_id":"8ffe7c73-4edf-4f34-9190-6b75c1185791","actor_username":"vebage5411@protonza.com","actor_via_sso":false,"log_type":"account"}	2025-09-28 10:11:40.410967+00	
00000000-0000-0000-0000-000000000000	7f76bee6-d294-4c12-b358-ac0b62814b5a	{"action":"login","actor_id":"8ffe7c73-4edf-4f34-9190-6b75c1185791","actor_username":"vebage5411@protonza.com","actor_via_sso":false,"log_type":"account","traits":{"provider":"email"}}	2025-09-28 10:11:42.28915+00	
00000000-0000-0000-0000-000000000000	5261d095-ad49-4830-8a2c-ed5963312a87	{"action":"login","actor_id":"8ffe7c73-4edf-4f34-9190-6b75c1185791","actor_username":"vebage5411@protonza.com","actor_via_sso":false,"log_type":"account","traits":{"provider":"email"}}	2025-09-28 10:13:14.134536+00	
00000000-0000-0000-0000-000000000000	dea4ebd9-0eb8-47cb-baf6-b3a0364f57eb	{"action":"user_confirmation_requested","actor_id":"5e078e30-5f6b-446c-800f-046f04bb1e92","actor_username":"gofoje2419@etenx.com","actor_via_sso":false,"log_type":"user","traits":{"provider":"email"}}	2025-09-30 08:32:57.764457+00	
00000000-0000-0000-0000-000000000000	ae83aba2-f44a-4ab5-a6c9-49e44c1608c9	{"action":"user_signedup","actor_id":"5e078e30-5f6b-446c-800f-046f04bb1e92","actor_username":"gofoje2419@etenx.com","actor_via_sso":false,"log_type":"team","traits":{"provider":"email"}}	2025-09-30 08:33:17.328353+00	
00000000-0000-0000-0000-000000000000	91258af1-3aaa-41f1-81d5-b8a9d1bd9ec1	{"action":"login","actor_id":"5e078e30-5f6b-446c-800f-046f04bb1e92","actor_username":"gofoje2419@etenx.com","actor_via_sso":false,"log_type":"account","traits":{"provider":"email"}}	2025-09-30 08:33:20.688972+00	
00000000-0000-0000-0000-000000000000	919c7887-6c30-4e7e-8130-5e9f3faa9dbc	{"action":"user_confirmation_requested","actor_id":"4010c622-5454-4165-a618-ab30ca533bd0","actor_username":"xosoy66391@hiepth.com","actor_via_sso":false,"log_type":"user","traits":{"provider":"email"}}	2025-09-30 11:16:00.945547+00	
00000000-0000-0000-0000-000000000000	2b001a32-c581-45ab-bf0e-d82c9951d3c1	{"action":"user_signedup","actor_id":"4010c622-5454-4165-a618-ab30ca533bd0","actor_username":"xosoy66391@hiepth.com","actor_via_sso":false,"log_type":"team","traits":{"provider":"email"}}	2025-09-30 11:16:23.401851+00	
00000000-0000-0000-0000-000000000000	363c9ba8-8b3b-4cf1-94d6-5baa012e04d9	{"action":"token_refreshed","actor_id":"4010c622-5454-4165-a618-ab30ca533bd0","actor_username":"xosoy66391@hiepth.com","actor_via_sso":false,"log_type":"token"}	2025-09-30 12:15:31.424764+00	
00000000-0000-0000-0000-000000000000	5b9e75f0-10f8-4365-8bd6-548538d632e1	{"action":"token_revoked","actor_id":"4010c622-5454-4165-a618-ab30ca533bd0","actor_username":"xosoy66391@hiepth.com","actor_via_sso":false,"log_type":"token"}	2025-09-30 12:15:31.440152+00	
00000000-0000-0000-0000-000000000000	e60ee060-b3e8-4208-93f7-05e75a56d547	{"action":"user_confirmation_requested","actor_id":"4c3efa17-cafc-486f-8fbb-c397f600d285","actor_username":"yivirif637@bitmens.com","actor_via_sso":false,"log_type":"user","traits":{"provider":"email"}}	2025-09-30 12:21:27.904689+00	
00000000-0000-0000-0000-000000000000	a468351f-c486-4cf6-8ebf-a5509f448363	{"action":"user_signedup","actor_id":"4c3efa17-cafc-486f-8fbb-c397f600d285","actor_username":"yivirif637@bitmens.com","actor_via_sso":false,"log_type":"team","traits":{"provider":"email"}}	2025-09-30 12:21:37.46422+00	
00000000-0000-0000-0000-000000000000	be6479c8-f551-464f-b106-b68253817999	{"action":"token_refreshed","actor_id":"4c3efa17-cafc-486f-8fbb-c397f600d285","actor_username":"yivirif637@bitmens.com","actor_via_sso":false,"log_type":"token"}	2025-09-30 13:23:24.320881+00	
00000000-0000-0000-0000-000000000000	2149d436-7f91-4bfc-9224-afd6a4f98fb3	{"action":"token_revoked","actor_id":"4c3efa17-cafc-486f-8fbb-c397f600d285","actor_username":"yivirif637@bitmens.com","actor_via_sso":false,"log_type":"token"}	2025-09-30 13:23:24.345233+00	
00000000-0000-0000-0000-000000000000	07b7e661-d127-4b35-91e5-e2b8a3f64525	{"action":"user_confirmation_requested","actor_id":"cb26c571-6e94-4583-ab5c-a49a35f7d95e","actor_username":"filike@denipl.net","actor_via_sso":false,"log_type":"user","traits":{"provider":"email"}}	2025-10-04 08:07:01.98716+00	
00000000-0000-0000-0000-000000000000	ec63ff47-5d1c-4404-895e-ee419d37e7e4	{"action":"user_signedup","actor_id":"cb26c571-6e94-4583-ab5c-a49a35f7d95e","actor_username":"filike@denipl.net","actor_via_sso":false,"log_type":"team","traits":{"provider":"email"}}	2025-10-04 08:07:21.599506+00	
00000000-0000-0000-0000-000000000000	acaf4496-dfce-47c0-b927-b0de0a63f5ca	{"action":"login","actor_id":"cb26c571-6e94-4583-ab5c-a49a35f7d95e","actor_username":"filike@denipl.net","actor_via_sso":false,"log_type":"account","traits":{"provider":"email"}}	2025-10-04 08:07:25.624253+00	
00000000-0000-0000-0000-000000000000	9d446e0e-633b-493a-aceb-217001e7fc9f	{"action":"user_confirmation_requested","actor_id":"cca4138d-4349-477f-83d3-1f96687e3f66","actor_username":"xopoda@denipl.com","actor_via_sso":false,"log_type":"user","traits":{"provider":"email"}}	2025-10-04 08:12:05.193336+00	
00000000-0000-0000-0000-000000000000	107949d9-a207-4e7f-9eeb-38b7d251f2bb	{"action":"user_signedup","actor_id":"cca4138d-4349-477f-83d3-1f96687e3f66","actor_username":"xopoda@denipl.com","actor_via_sso":false,"log_type":"team","traits":{"provider":"email"}}	2025-10-04 08:12:15.440294+00	
00000000-0000-0000-0000-000000000000	3c70eb2f-a3a5-4a6a-aa87-4ecaaeeeb931	{"action":"login","actor_id":"cca4138d-4349-477f-83d3-1f96687e3f66","actor_username":"xopoda@denipl.com","actor_via_sso":false,"log_type":"account","traits":{"provider":"email"}}	2025-10-04 08:12:22.377577+00	
00000000-0000-0000-0000-000000000000	29a86861-fd8d-4fb6-98e7-60053ceaa968	{"action":"login","actor_id":"cca4138d-4349-477f-83d3-1f96687e3f66","actor_username":"xopoda@denipl.com","actor_via_sso":false,"log_type":"account","traits":{"provider":"email"}}	2025-10-04 08:38:58.766201+00	
00000000-0000-0000-0000-000000000000	91c826b9-aa8c-4e32-a426-034a4882798c	{"action":"login","actor_id":"cca4138d-4349-477f-83d3-1f96687e3f66","actor_username":"xopoda@denipl.com","actor_via_sso":false,"log_type":"account","traits":{"provider":"email"}}	2025-10-04 08:39:13.80532+00	
00000000-0000-0000-0000-000000000000	0530fe3b-9083-4e6d-894b-edc311cb9650	{"action":"token_refreshed","actor_id":"cca4138d-4349-477f-83d3-1f96687e3f66","actor_username":"xopoda@denipl.com","actor_via_sso":false,"log_type":"token"}	2025-10-04 09:50:37.135097+00	
00000000-0000-0000-0000-000000000000	4953fcba-b418-4d20-9ff7-3ac833bd3254	{"action":"token_revoked","actor_id":"cca4138d-4349-477f-83d3-1f96687e3f66","actor_username":"xopoda@denipl.com","actor_via_sso":false,"log_type":"token"}	2025-10-04 09:50:37.153928+00	
00000000-0000-0000-0000-000000000000	122beafd-8c13-45e3-b760-0242ff55e8c6	{"action":"token_refreshed","actor_id":"cca4138d-4349-477f-83d3-1f96687e3f66","actor_username":"xopoda@denipl.com","actor_via_sso":false,"log_type":"token"}	2025-10-04 10:35:02.091266+00	
00000000-0000-0000-0000-000000000000	6d09f9d4-6ef5-4477-8fa9-ae89bda3224b	{"action":"token_refreshed","actor_id":"cca4138d-4349-477f-83d3-1f96687e3f66","actor_username":"xopoda@denipl.com","actor_via_sso":false,"log_type":"token"}	2025-10-04 11:37:57.821329+00	
00000000-0000-0000-0000-000000000000	8821ad9f-32fa-4f29-9dd8-4963f569e8e0	{"action":"token_revoked","actor_id":"cca4138d-4349-477f-83d3-1f96687e3f66","actor_username":"xopoda@denipl.com","actor_via_sso":false,"log_type":"token"}	2025-10-04 11:37:57.840165+00	
00000000-0000-0000-0000-000000000000	a94635e6-bb84-4b99-9598-7a4f23454393	{"action":"token_refreshed","actor_id":"cca4138d-4349-477f-83d3-1f96687e3f66","actor_username":"xopoda@denipl.com","actor_via_sso":false,"log_type":"token"}	2025-10-04 12:37:15.31571+00	
00000000-0000-0000-0000-000000000000	02c01979-7b04-4ebc-a4a2-f1bffd52dd97	{"action":"token_revoked","actor_id":"cca4138d-4349-477f-83d3-1f96687e3f66","actor_username":"xopoda@denipl.com","actor_via_sso":false,"log_type":"token"}	2025-10-04 12:37:15.335709+00	
00000000-0000-0000-0000-000000000000	c2e8c101-0459-466b-99b1-150bb5bc40b0	{"action":"token_refreshed","actor_id":"cca4138d-4349-477f-83d3-1f96687e3f66","actor_username":"xopoda@denipl.com","actor_via_sso":false,"log_type":"token"}	2025-10-04 13:49:13.124235+00	
00000000-0000-0000-0000-000000000000	556a3d59-a0ff-4704-9bd2-048f41767a33	{"action":"token_revoked","actor_id":"cca4138d-4349-477f-83d3-1f96687e3f66","actor_username":"xopoda@denipl.com","actor_via_sso":false,"log_type":"token"}	2025-10-04 13:49:13.145629+00	
00000000-0000-0000-0000-000000000000	cd74b0c3-9382-4693-b3cc-e0d40e85171e	{"action":"token_refreshed","actor_id":"cca4138d-4349-477f-83d3-1f96687e3f66","actor_username":"xopoda@denipl.com","actor_via_sso":false,"log_type":"token"}	2025-10-04 14:48:02.056287+00	
00000000-0000-0000-0000-000000000000	59ab7dbd-7308-4537-96a5-742c2163ae2c	{"action":"token_revoked","actor_id":"cca4138d-4349-477f-83d3-1f96687e3f66","actor_username":"xopoda@denipl.com","actor_via_sso":false,"log_type":"token"}	2025-10-04 14:48:02.063339+00	
00000000-0000-0000-0000-000000000000	6a6a27da-4fb0-4014-88de-09328895eb68	{"action":"token_refreshed","actor_id":"cca4138d-4349-477f-83d3-1f96687e3f66","actor_username":"xopoda@denipl.com","actor_via_sso":false,"log_type":"token"}	2025-10-04 15:46:51.335945+00	
00000000-0000-0000-0000-000000000000	90f9b6f8-4ea1-49fb-ac0b-98feb6db466a	{"action":"token_revoked","actor_id":"cca4138d-4349-477f-83d3-1f96687e3f66","actor_username":"xopoda@denipl.com","actor_via_sso":false,"log_type":"token"}	2025-10-04 15:46:51.356943+00	
00000000-0000-0000-0000-000000000000	2a19d206-c865-4e47-9d0a-e52cab69755b	{"action":"login","actor_id":"cca4138d-4349-477f-83d3-1f96687e3f66","actor_username":"xopoda@denipl.com","actor_via_sso":false,"log_type":"account","traits":{"provider":"email"}}	2025-10-04 16:18:39.731708+00	
00000000-0000-0000-0000-000000000000	c1a392f5-e33c-4712-bcf6-9df3694f74c1	{"action":"login","actor_id":"cca4138d-4349-477f-83d3-1f96687e3f66","actor_username":"xopoda@denipl.com","actor_via_sso":false,"log_type":"account","traits":{"provider":"email"}}	2025-10-04 16:39:46.712566+00	
00000000-0000-0000-0000-000000000000	8f4698ec-c508-40ba-9c89-614eda3ce69f	{"action":"user_confirmation_requested","actor_id":"481f7408-e9d6-4a4e-b3f5-85268235a47e","actor_username":"testuser@gmail.com","actor_via_sso":false,"log_type":"user","traits":{"provider":"email"}}	2025-10-04 16:47:17.371079+00	
00000000-0000-0000-0000-000000000000	60f153df-7473-46e4-8389-b7bf58099426	{"action":"login","actor_id":"cca4138d-4349-477f-83d3-1f96687e3f66","actor_username":"xopoda@denipl.com","actor_via_sso":false,"log_type":"account","traits":{"provider":"email"}}	2025-10-04 16:48:02.925232+00	
00000000-0000-0000-0000-000000000000	fee6f4c3-7fed-44a5-bbbd-68b13cb99b53	{"action":"login","actor_id":"cca4138d-4349-477f-83d3-1f96687e3f66","actor_username":"xopoda@denipl.com","actor_via_sso":false,"log_type":"account","traits":{"provider":"email"}}	2025-10-04 16:48:31.919591+00	
00000000-0000-0000-0000-000000000000	77e5e493-7b4c-4fa4-b1ae-36bf67ccbd92	{"action":"login","actor_id":"cca4138d-4349-477f-83d3-1f96687e3f66","actor_username":"xopoda@denipl.com","actor_via_sso":false,"log_type":"account","traits":{"provider":"email"}}	2025-10-04 16:50:55.193242+00	
00000000-0000-0000-0000-000000000000	fe7d3c00-ebb8-4668-bcd8-39b57dacf3a7	{"action":"login","actor_id":"cca4138d-4349-477f-83d3-1f96687e3f66","actor_username":"xopoda@denipl.com","actor_via_sso":false,"log_type":"account","traits":{"provider":"email"}}	2025-10-04 16:51:52.637827+00	
00000000-0000-0000-0000-000000000000	d14ff66e-5b78-41d7-b8b6-8577cc64d0e3	{"action":"login","actor_id":"cca4138d-4349-477f-83d3-1f96687e3f66","actor_username":"xopoda@denipl.com","actor_via_sso":false,"log_type":"account","traits":{"provider":"email"}}	2025-10-04 16:51:57.992322+00	
00000000-0000-0000-0000-000000000000	8e4cf4d9-6bb8-4fd2-94cf-5656b3f7cfac	{"action":"logout","actor_id":"cca4138d-4349-477f-83d3-1f96687e3f66","actor_username":"xopoda@denipl.com","actor_via_sso":false,"log_type":"account"}	2025-10-04 16:54:12.911815+00	
00000000-0000-0000-0000-000000000000	74864c50-f3a6-40cb-bb90-f706e0718e9b	{"action":"login","actor_id":"cca4138d-4349-477f-83d3-1f96687e3f66","actor_username":"xopoda@denipl.com","actor_via_sso":false,"log_type":"account","traits":{"provider":"email"}}	2025-10-04 16:54:58.691233+00	
00000000-0000-0000-0000-000000000000	4b53f935-36ad-476c-91f7-ce7d55419515	{"action":"logout","actor_id":"cca4138d-4349-477f-83d3-1f96687e3f66","actor_username":"xopoda@denipl.com","actor_via_sso":false,"log_type":"account"}	2025-10-04 16:55:22.051074+00	
00000000-0000-0000-0000-000000000000	3fe21d05-af75-4729-9507-dd027e19be7a	{"action":"login","actor_id":"cca4138d-4349-477f-83d3-1f96687e3f66","actor_username":"xopoda@denipl.com","actor_via_sso":false,"log_type":"account","traits":{"provider":"email"}}	2025-10-04 16:55:35.191016+00	
00000000-0000-0000-0000-000000000000	cc65be20-cbf5-4289-8941-6cd1a4f4d71f	{"action":"login","actor_id":"cca4138d-4349-477f-83d3-1f96687e3f66","actor_username":"xopoda@denipl.com","actor_via_sso":false,"log_type":"account","traits":{"provider":"email"}}	2025-10-04 17:07:53.310565+00	
00000000-0000-0000-0000-000000000000	642f4c43-43c2-4668-ae5a-7f6284dfcddc	{"action":"login","actor_id":"cca4138d-4349-477f-83d3-1f96687e3f66","actor_username":"xopoda@denipl.com","actor_via_sso":false,"log_type":"account","traits":{"provider":"email"}}	2025-10-04 17:14:56.577948+00	
00000000-0000-0000-0000-000000000000	7398e660-69f7-47b3-a2a6-10424cb8bd45	{"action":"token_refreshed","actor_id":"cb26c571-6e94-4583-ab5c-a49a35f7d95e","actor_username":"filike@denipl.net","actor_via_sso":false,"log_type":"token"}	2025-10-05 04:25:39.463535+00	
00000000-0000-0000-0000-000000000000	8b998f62-4c78-482f-b38a-52c6611aada8	{"action":"token_revoked","actor_id":"cb26c571-6e94-4583-ab5c-a49a35f7d95e","actor_username":"filike@denipl.net","actor_via_sso":false,"log_type":"token"}	2025-10-05 04:25:39.482879+00	
00000000-0000-0000-0000-000000000000	388e2adc-0efd-434a-8934-706374294f9a	{"action":"token_refreshed","actor_id":"cb26c571-6e94-4583-ab5c-a49a35f7d95e","actor_username":"filike@denipl.net","actor_via_sso":false,"log_type":"token"}	2025-10-05 05:24:56.738822+00	
00000000-0000-0000-0000-000000000000	37df6d06-c74b-4ce1-952d-c8b4d1a9dc8e	{"action":"token_revoked","actor_id":"cb26c571-6e94-4583-ab5c-a49a35f7d95e","actor_username":"filike@denipl.net","actor_via_sso":false,"log_type":"token"}	2025-10-05 05:24:56.760116+00	
00000000-0000-0000-0000-000000000000	022debce-6d8e-4b22-8fee-e17cbee93a20	{"action":"token_refreshed","actor_id":"cca4138d-4349-477f-83d3-1f96687e3f66","actor_username":"xopoda@denipl.com","actor_via_sso":false,"log_type":"token"}	2025-10-06 02:48:51.475676+00	
00000000-0000-0000-0000-000000000000	8854c8c3-3bde-4b4e-b517-d46068d9cd2a	{"action":"token_revoked","actor_id":"cca4138d-4349-477f-83d3-1f96687e3f66","actor_username":"xopoda@denipl.com","actor_via_sso":false,"log_type":"token"}	2025-10-06 02:48:51.50115+00	
00000000-0000-0000-0000-000000000000	f9af775d-d0cf-4a2e-b04d-96306e8007c4	{"action":"logout","actor_id":"cca4138d-4349-477f-83d3-1f96687e3f66","actor_username":"xopoda@denipl.com","actor_via_sso":false,"log_type":"account"}	2025-10-06 03:15:57.609075+00	
00000000-0000-0000-0000-000000000000	f247be16-871a-474b-b9fa-296425dac787	{"action":"login","actor_id":"cca4138d-4349-477f-83d3-1f96687e3f66","actor_username":"xopoda@denipl.com","actor_via_sso":false,"log_type":"account","traits":{"provider":"email"}}	2025-10-06 03:16:01.79716+00	
00000000-0000-0000-0000-000000000000	9da3e793-55ae-4a2d-95d0-fe14b95a1435	{"action":"token_refreshed","actor_id":"cca4138d-4349-477f-83d3-1f96687e3f66","actor_username":"xopoda@denipl.com","actor_via_sso":false,"log_type":"token"}	2025-10-06 04:17:56.081798+00	
00000000-0000-0000-0000-000000000000	2e66ee37-16f8-4e7d-b99a-8bd2352cfb17	{"action":"token_revoked","actor_id":"cca4138d-4349-477f-83d3-1f96687e3f66","actor_username":"xopoda@denipl.com","actor_via_sso":false,"log_type":"token"}	2025-10-06 04:17:56.106384+00	
00000000-0000-0000-0000-000000000000	11d513f5-eaf5-4b94-a427-cbca709d2ec5	{"action":"token_refreshed","actor_id":"cca4138d-4349-477f-83d3-1f96687e3f66","actor_username":"xopoda@denipl.com","actor_via_sso":false,"log_type":"token"}	2025-10-06 10:53:28.682645+00	
00000000-0000-0000-0000-000000000000	41ca8805-dbbe-4572-b838-7a8dd03ba46b	{"action":"token_revoked","actor_id":"cca4138d-4349-477f-83d3-1f96687e3f66","actor_username":"xopoda@denipl.com","actor_via_sso":false,"log_type":"token"}	2025-10-06 10:53:28.700588+00	
00000000-0000-0000-0000-000000000000	e420f2b9-936b-45be-a51a-cb4c03aefd99	{"action":"logout","actor_id":"cca4138d-4349-477f-83d3-1f96687e3f66","actor_username":"xopoda@denipl.com","actor_via_sso":false,"log_type":"account"}	2025-10-06 11:29:10.07887+00	
00000000-0000-0000-0000-000000000000	6f0960a7-d713-4a9b-893c-7aac767eca7b	{"action":"login","actor_id":"cca4138d-4349-477f-83d3-1f96687e3f66","actor_username":"xopoda@denipl.com","actor_via_sso":false,"log_type":"account","traits":{"provider":"email"}}	2025-10-06 11:29:14.392709+00	
00000000-0000-0000-0000-000000000000	f282f86d-4ea5-443a-b37a-0182ba879e1c	{"action":"token_refreshed","actor_id":"cca4138d-4349-477f-83d3-1f96687e3f66","actor_username":"xopoda@denipl.com","actor_via_sso":false,"log_type":"token"}	2025-10-06 12:28:05.289125+00	
00000000-0000-0000-0000-000000000000	5a520b89-d871-48fa-a503-12ba9eab70a2	{"action":"token_revoked","actor_id":"cca4138d-4349-477f-83d3-1f96687e3f66","actor_username":"xopoda@denipl.com","actor_via_sso":false,"log_type":"token"}	2025-10-06 12:28:05.305587+00	
00000000-0000-0000-0000-000000000000	542fe07e-1a0f-4268-88d4-2ad06fef02eb	{"action":"token_refreshed","actor_id":"cca4138d-4349-477f-83d3-1f96687e3f66","actor_username":"xopoda@denipl.com","actor_via_sso":false,"log_type":"token"}	2025-10-06 13:27:23.460236+00	
00000000-0000-0000-0000-000000000000	3d704703-64d6-4c32-b606-a2144b0da43b	{"action":"token_revoked","actor_id":"cca4138d-4349-477f-83d3-1f96687e3f66","actor_username":"xopoda@denipl.com","actor_via_sso":false,"log_type":"token"}	2025-10-06 13:27:23.476647+00	
00000000-0000-0000-0000-000000000000	de6abf38-a959-4bb5-9585-a58866c50744	{"action":"token_refreshed","actor_id":"cca4138d-4349-477f-83d3-1f96687e3f66","actor_username":"xopoda@denipl.com","actor_via_sso":false,"log_type":"token"}	2025-10-06 14:26:22.848738+00	
00000000-0000-0000-0000-000000000000	7cf1a73e-19bb-4ea1-adf6-247499b4c668	{"action":"token_revoked","actor_id":"cca4138d-4349-477f-83d3-1f96687e3f66","actor_username":"xopoda@denipl.com","actor_via_sso":false,"log_type":"token"}	2025-10-06 14:26:22.866646+00	
00000000-0000-0000-0000-000000000000	e9dd351c-d24b-4a7c-9151-2db0daf388d6	{"action":"token_refreshed","actor_id":"cca4138d-4349-477f-83d3-1f96687e3f66","actor_username":"xopoda@denipl.com","actor_via_sso":false,"log_type":"token"}	2025-10-07 03:30:28.874225+00	
00000000-0000-0000-0000-000000000000	80bf9c6f-a6d7-4345-b479-83d251654bc0	{"action":"token_revoked","actor_id":"cca4138d-4349-477f-83d3-1f96687e3f66","actor_username":"xopoda@denipl.com","actor_via_sso":false,"log_type":"token"}	2025-10-07 03:30:28.886416+00	
00000000-0000-0000-0000-000000000000	84e1dfa8-aee9-4b99-a06d-1501fd8e04b4	{"action":"token_refreshed","actor_id":"5e078e30-5f6b-446c-800f-046f04bb1e92","actor_username":"gofoje2419@etenx.com","actor_via_sso":false,"log_type":"token"}	2025-10-07 04:20:54.7741+00	
00000000-0000-0000-0000-000000000000	d0d4ea9a-012d-4596-b1ad-4b5447aca453	{"action":"token_revoked","actor_id":"5e078e30-5f6b-446c-800f-046f04bb1e92","actor_username":"gofoje2419@etenx.com","actor_via_sso":false,"log_type":"token"}	2025-10-07 04:20:54.784414+00	
00000000-0000-0000-0000-000000000000	d1778df8-922b-4085-a946-12d97ca0acc3	{"action":"token_refreshed","actor_id":"cca4138d-4349-477f-83d3-1f96687e3f66","actor_username":"xopoda@denipl.com","actor_via_sso":false,"log_type":"token"}	2025-10-07 04:29:47.468915+00	
00000000-0000-0000-0000-000000000000	152faffa-43f2-4940-8de1-056f5e35aab4	{"action":"token_revoked","actor_id":"cca4138d-4349-477f-83d3-1f96687e3f66","actor_username":"xopoda@denipl.com","actor_via_sso":false,"log_type":"token"}	2025-10-07 04:29:47.472808+00	
00000000-0000-0000-0000-000000000000	296ac48e-4179-4b21-a4e4-52872d877454	{"action":"token_refreshed","actor_id":"cca4138d-4349-477f-83d3-1f96687e3f66","actor_username":"xopoda@denipl.com","actor_via_sso":false,"log_type":"token"}	2025-10-07 05:48:45.40699+00	
00000000-0000-0000-0000-000000000000	26591ec8-3441-4ff0-92f5-de4feb67e036	{"action":"token_revoked","actor_id":"cca4138d-4349-477f-83d3-1f96687e3f66","actor_username":"xopoda@denipl.com","actor_via_sso":false,"log_type":"token"}	2025-10-07 05:48:45.427615+00	
00000000-0000-0000-0000-000000000000	076bd701-483e-4919-b311-9a52a9b28922	{"action":"login","actor_id":"cca4138d-4349-477f-83d3-1f96687e3f66","actor_username":"xopoda@denipl.com","actor_via_sso":false,"log_type":"account","traits":{"provider":"email"}}	2025-10-07 05:49:00.218627+00	
00000000-0000-0000-0000-000000000000	d6328594-d215-476d-8c8a-31e51189f538	{"action":"user_recovery_requested","actor_id":"57583c2e-4277-4ff8-a4db-2359346eae4c","actor_username":"viewdodload@gmail.com","actor_via_sso":false,"log_type":"user"}	2025-10-07 05:52:31.823706+00	
00000000-0000-0000-0000-000000000000	87b7b4ac-5de9-4736-a18b-cbe3818100bb	{"action":"user_signedup","actor_id":"57583c2e-4277-4ff8-a4db-2359346eae4c","actor_username":"viewdodload@gmail.com","actor_via_sso":false,"log_type":"team","traits":{"provider":"email"}}	2025-10-07 05:52:48.236596+00	
00000000-0000-0000-0000-000000000000	82205bcc-4de5-4e1c-94b2-b5a38d2f496a	{"action":"user_modified","actor_id":"00000000-0000-0000-0000-000000000000","actor_username":"service_role","actor_via_sso":false,"log_type":"user","traits":{"user_email":"viewdodload@gmail.com","user_id":"57583c2e-4277-4ff8-a4db-2359346eae4c","user_phone":""}}	2025-10-07 06:00:17.921303+00	
00000000-0000-0000-0000-000000000000	5264555c-1372-4206-886c-a511babdd344	{"action":"login","actor_id":"57583c2e-4277-4ff8-a4db-2359346eae4c","actor_username":"viewdodload@gmail.com","actor_via_sso":false,"log_type":"account","traits":{"provider":"email"}}	2025-10-07 06:00:32.514491+00	
00000000-0000-0000-0000-000000000000	9168bd6c-65f9-452f-be1f-5de05153b25b	{"action":"logout","actor_id":"57583c2e-4277-4ff8-a4db-2359346eae4c","actor_username":"viewdodload@gmail.com","actor_via_sso":false,"log_type":"account"}	2025-10-07 06:00:34.027826+00	
00000000-0000-0000-0000-000000000000	5e688cff-6dd1-4dc1-9eb3-78d7dbcc3b98	{"action":"login","actor_id":"57583c2e-4277-4ff8-a4db-2359346eae4c","actor_username":"viewdodload@gmail.com","actor_via_sso":false,"log_type":"account","traits":{"provider":"email"}}	2025-10-07 06:01:44.316208+00	
00000000-0000-0000-0000-000000000000	802aa8c8-d4e4-4772-93d1-da44eb46a54d	{"action":"login","actor_id":"57583c2e-4277-4ff8-a4db-2359346eae4c","actor_username":"viewdodload@gmail.com","actor_via_sso":false,"log_type":"account","traits":{"provider":"email"}}	2025-10-07 06:02:41.14625+00	
00000000-0000-0000-0000-000000000000	16d82e43-da69-4274-a7be-949a8fe4f277	{"action":"login","actor_id":"57583c2e-4277-4ff8-a4db-2359346eae4c","actor_username":"viewdodload@gmail.com","actor_via_sso":false,"log_type":"account","traits":{"provider":"email"}}	2025-10-07 06:03:02.9714+00	
00000000-0000-0000-0000-000000000000	1c816f03-38af-4136-9ee6-baec5a9cbe7f	{"action":"login","actor_id":"cca4138d-4349-477f-83d3-1f96687e3f66","actor_username":"xopoda@denipl.com","actor_via_sso":false,"log_type":"account","traits":{"provider":"email"}}	2025-10-07 06:04:06.820271+00	
00000000-0000-0000-0000-000000000000	2352405a-2d64-454c-992e-2fc777ecdb40	{"action":"login","actor_id":"57583c2e-4277-4ff8-a4db-2359346eae4c","actor_username":"viewdodload@gmail.com","actor_via_sso":false,"log_type":"account","traits":{"provider":"email"}}	2025-10-07 06:10:36.179231+00	
00000000-0000-0000-0000-000000000000	70b01035-28d0-4432-940a-a74ae251af27	{"action":"user_modified","actor_id":"00000000-0000-0000-0000-000000000000","actor_username":"service_role","actor_via_sso":false,"log_type":"user","traits":{"user_email":"viewdodload@gmail.com","user_id":"57583c2e-4277-4ff8-a4db-2359346eae4c","user_phone":""}}	2025-10-07 06:16:47.202114+00	
00000000-0000-0000-0000-000000000000	9f9476e4-3e85-4f16-8509-5e24d3d18173	{"action":"login","actor_id":"57583c2e-4277-4ff8-a4db-2359346eae4c","actor_username":"viewdodload@gmail.com","actor_via_sso":false,"log_type":"account","traits":{"provider":"email"}}	2025-10-07 06:18:08.097723+00	
00000000-0000-0000-0000-000000000000	df28bc4b-44f8-47b8-a58b-e4bd48545a69	{"action":"logout","actor_id":"57583c2e-4277-4ff8-a4db-2359346eae4c","actor_username":"viewdodload@gmail.com","actor_via_sso":false,"log_type":"account"}	2025-10-07 06:18:14.06712+00	
00000000-0000-0000-0000-000000000000	e67ec9df-a0f0-433e-9769-cd3f47e09535	{"action":"login","actor_id":"cca4138d-4349-477f-83d3-1f96687e3f66","actor_username":"xopoda@denipl.com","actor_via_sso":false,"log_type":"account","traits":{"provider":"email"}}	2025-10-07 06:18:50.007422+00	
00000000-0000-0000-0000-000000000000	71c7b77d-2cb6-4031-a33d-cb9cc77250af	{"action":"login","actor_id":"cca4138d-4349-477f-83d3-1f96687e3f66","actor_username":"xopoda@denipl.com","actor_via_sso":false,"log_type":"account","traits":{"provider":"email"}}	2025-10-07 06:18:56.276417+00	
00000000-0000-0000-0000-000000000000	7aa8714f-9faf-4a0c-b842-df29c201deb5	{"action":"login","actor_id":"cca4138d-4349-477f-83d3-1f96687e3f66","actor_username":"xopoda@denipl.com","actor_via_sso":false,"log_type":"account","traits":{"provider":"email"}}	2025-10-07 06:20:42.125936+00	
00000000-0000-0000-0000-000000000000	964ae3da-6be6-455a-b698-c9e9f446d6d9	{"action":"login","actor_id":"57583c2e-4277-4ff8-a4db-2359346eae4c","actor_username":"viewdodload@gmail.com","actor_via_sso":false,"log_type":"account","traits":{"provider":"email"}}	2025-10-07 06:20:54.765947+00	
00000000-0000-0000-0000-000000000000	a39842fb-9bdf-413e-82a8-f3ca53b192c1	{"action":"logout","actor_id":"57583c2e-4277-4ff8-a4db-2359346eae4c","actor_username":"viewdodload@gmail.com","actor_via_sso":false,"log_type":"account"}	2025-10-07 06:21:14.19511+00	
00000000-0000-0000-0000-000000000000	6718807d-3b26-4340-b40c-984ca96074b1	{"action":"login","actor_id":"57583c2e-4277-4ff8-a4db-2359346eae4c","actor_username":"viewdodload@gmail.com","actor_via_sso":false,"log_type":"account","traits":{"provider":"email"}}	2025-10-07 06:21:50.001219+00	
00000000-0000-0000-0000-000000000000	9bc599fb-2a65-4a3d-b4cd-4476cf771143	{"action":"logout","actor_id":"57583c2e-4277-4ff8-a4db-2359346eae4c","actor_username":"viewdodload@gmail.com","actor_via_sso":false,"log_type":"account"}	2025-10-07 06:21:54.682038+00	
00000000-0000-0000-0000-000000000000	6c8059df-973f-4e74-b7e3-c4d87f095b3c	{"action":"login","actor_id":"57583c2e-4277-4ff8-a4db-2359346eae4c","actor_username":"viewdodload@gmail.com","actor_via_sso":false,"log_type":"account","traits":{"provider":"email"}}	2025-10-07 06:22:45.195124+00	
00000000-0000-0000-0000-000000000000	a351da41-e66c-4819-971e-bdda022a015c	{"action":"logout","actor_id":"57583c2e-4277-4ff8-a4db-2359346eae4c","actor_username":"viewdodload@gmail.com","actor_via_sso":false,"log_type":"account"}	2025-10-07 06:22:49.490153+00	
00000000-0000-0000-0000-000000000000	5ccea506-c651-4875-82a2-137afcd1dc9c	{"action":"user_signedup","actor_id":"65567bd1-b1ff-4a54-9060-357973a502a1","actor_username":"idofshankar@gmail.com","actor_via_sso":false,"log_type":"team","traits":{"provider":"email"}}	2025-10-31 12:21:35.510337+00	
00000000-0000-0000-0000-000000000000	cb703589-c059-49d3-be00-6c319d5a4281	{"action":"login","actor_id":"65567bd1-b1ff-4a54-9060-357973a502a1","actor_username":"idofshankar@gmail.com","actor_via_sso":false,"log_type":"account","traits":{"provider":"email"}}	2025-10-31 12:21:35.527087+00	
00000000-0000-0000-0000-000000000000	e11cc010-9695-4347-b441-c5878426eb2d	{"action":"login","actor_id":"65567bd1-b1ff-4a54-9060-357973a502a1","actor_username":"idofshankar@gmail.com","actor_via_sso":false,"log_type":"account","traits":{"provider":"email"}}	2025-10-31 12:21:52.364941+00	
00000000-0000-0000-0000-000000000000	55e1917c-550b-421e-b38f-e9b6b2a42172	{"action":"token_refreshed","actor_id":"65567bd1-b1ff-4a54-9060-357973a502a1","actor_username":"idofshankar@gmail.com","actor_via_sso":false,"log_type":"token"}	2025-10-31 14:49:20.004882+00	
00000000-0000-0000-0000-000000000000	7313bae4-a48f-47bb-8d4f-ec9459ca4b4c	{"action":"token_revoked","actor_id":"65567bd1-b1ff-4a54-9060-357973a502a1","actor_username":"idofshankar@gmail.com","actor_via_sso":false,"log_type":"token"}	2025-10-31 14:49:20.017131+00	
00000000-0000-0000-0000-000000000000	cfa5efdf-0e52-468c-ba06-1a477e7546a4	{"action":"token_refreshed","actor_id":"65567bd1-b1ff-4a54-9060-357973a502a1","actor_username":"idofshankar@gmail.com","actor_via_sso":false,"log_type":"token"}	2025-10-31 16:01:33.960452+00	
00000000-0000-0000-0000-000000000000	18a523dd-022e-44d8-bf4f-ebb1ad82530b	{"action":"token_revoked","actor_id":"65567bd1-b1ff-4a54-9060-357973a502a1","actor_username":"idofshankar@gmail.com","actor_via_sso":false,"log_type":"token"}	2025-10-31 16:01:33.975955+00	
00000000-0000-0000-0000-000000000000	362ad977-a099-48c8-b1ed-542b62f59211	{"action":"login","actor_id":"65567bd1-b1ff-4a54-9060-357973a502a1","actor_username":"idofshankar@gmail.com","actor_via_sso":false,"log_type":"account","traits":{"provider":"email"}}	2025-11-01 05:24:41.363927+00	
00000000-0000-0000-0000-000000000000	f3d03e28-5a8c-441d-88e1-139c0cf3d625	{"action":"token_refreshed","actor_id":"65567bd1-b1ff-4a54-9060-357973a502a1","actor_username":"idofshankar@gmail.com","actor_via_sso":false,"log_type":"token"}	2025-11-01 06:26:14.077713+00	
00000000-0000-0000-0000-000000000000	e270765b-caf7-4d34-9941-0b50b4cfb218	{"action":"token_revoked","actor_id":"65567bd1-b1ff-4a54-9060-357973a502a1","actor_username":"idofshankar@gmail.com","actor_via_sso":false,"log_type":"token"}	2025-11-01 06:26:14.095279+00	
00000000-0000-0000-0000-000000000000	d46a6d03-b57c-4921-929f-f53503aeb0d5	{"action":"token_refreshed","actor_id":"65567bd1-b1ff-4a54-9060-357973a502a1","actor_username":"idofshankar@gmail.com","actor_via_sso":false,"log_type":"token"}	2025-11-01 07:27:59.964995+00	
00000000-0000-0000-0000-000000000000	5a689217-2bd1-4ecd-a90b-648af549167e	{"action":"token_revoked","actor_id":"65567bd1-b1ff-4a54-9060-357973a502a1","actor_username":"idofshankar@gmail.com","actor_via_sso":false,"log_type":"token"}	2025-11-01 07:27:59.987391+00	
00000000-0000-0000-0000-000000000000	ef245b2c-0228-45f6-bce3-ce11d3eb7c86	{"action":"token_refreshed","actor_id":"65567bd1-b1ff-4a54-9060-357973a502a1","actor_username":"idofshankar@gmail.com","actor_via_sso":false,"log_type":"token"}	2025-11-01 08:26:02.221393+00	
00000000-0000-0000-0000-000000000000	3e406ae3-d6f1-4a1c-b87d-853dc26e99b0	{"action":"token_revoked","actor_id":"65567bd1-b1ff-4a54-9060-357973a502a1","actor_username":"idofshankar@gmail.com","actor_via_sso":false,"log_type":"token"}	2025-11-01 08:26:02.236191+00	
00000000-0000-0000-0000-000000000000	667d10f9-84d2-42c6-b926-02a341bb4963	{"action":"token_refreshed","actor_id":"65567bd1-b1ff-4a54-9060-357973a502a1","actor_username":"idofshankar@gmail.com","actor_via_sso":false,"log_type":"token"}	2025-11-01 09:24:18.607833+00	
00000000-0000-0000-0000-000000000000	3a71cbac-131a-43dc-a304-654879c762fb	{"action":"token_revoked","actor_id":"65567bd1-b1ff-4a54-9060-357973a502a1","actor_username":"idofshankar@gmail.com","actor_via_sso":false,"log_type":"token"}	2025-11-01 09:24:18.626446+00	
00000000-0000-0000-0000-000000000000	4af8b75c-44d9-4c82-a91c-91720a7561d5	{"action":"token_refreshed","actor_id":"65567bd1-b1ff-4a54-9060-357973a502a1","actor_username":"idofshankar@gmail.com","actor_via_sso":false,"log_type":"token"}	2025-11-01 10:22:31.926096+00	
00000000-0000-0000-0000-000000000000	8325f548-ff25-4834-8eab-384ced1421ad	{"action":"token_revoked","actor_id":"65567bd1-b1ff-4a54-9060-357973a502a1","actor_username":"idofshankar@gmail.com","actor_via_sso":false,"log_type":"token"}	2025-11-01 10:22:31.944806+00	
00000000-0000-0000-0000-000000000000	6c2b489c-1630-482d-8764-110a0303c28b	{"action":"token_refreshed","actor_id":"65567bd1-b1ff-4a54-9060-357973a502a1","actor_username":"idofshankar@gmail.com","actor_via_sso":false,"log_type":"token"}	2025-11-01 12:20:24.417262+00	
00000000-0000-0000-0000-000000000000	03a290b7-70da-4cc6-9215-4f1490ce6b8b	{"action":"token_revoked","actor_id":"65567bd1-b1ff-4a54-9060-357973a502a1","actor_username":"idofshankar@gmail.com","actor_via_sso":false,"log_type":"token"}	2025-11-01 12:20:24.444077+00	
00000000-0000-0000-0000-000000000000	bb2b7632-5214-4e71-b26b-001556ffb15b	{"action":"token_refreshed","actor_id":"65567bd1-b1ff-4a54-9060-357973a502a1","actor_username":"idofshankar@gmail.com","actor_via_sso":false,"log_type":"token"}	2025-11-04 16:06:34.00472+00	
00000000-0000-0000-0000-000000000000	ef5df6d5-c99c-486b-9839-c64104b228d5	{"action":"token_revoked","actor_id":"65567bd1-b1ff-4a54-9060-357973a502a1","actor_username":"idofshankar@gmail.com","actor_via_sso":false,"log_type":"token"}	2025-11-04 16:06:34.018825+00	
00000000-0000-0000-0000-000000000000	4c60f019-413e-4b34-91dd-8bcb11f05214	{"action":"logout","actor_id":"65567bd1-b1ff-4a54-9060-357973a502a1","actor_username":"idofshankar@gmail.com","actor_via_sso":false,"log_type":"account"}	2025-11-04 16:06:38.588029+00	
00000000-0000-0000-0000-000000000000	320bbd72-ca27-4288-809d-0b71e675b47c	{"action":"login","actor_id":"65567bd1-b1ff-4a54-9060-357973a502a1","actor_username":"idofshankar@gmail.com","actor_via_sso":false,"log_type":"account","traits":{"provider":"email"}}	2025-11-04 16:11:19.614128+00	
00000000-0000-0000-0000-000000000000	7dff13b0-d8bb-4aa9-a792-4f2120dbcacc	{"action":"logout","actor_id":"65567bd1-b1ff-4a54-9060-357973a502a1","actor_username":"idofshankar@gmail.com","actor_via_sso":false,"log_type":"account"}	2025-11-04 16:11:25.104122+00	
00000000-0000-0000-0000-000000000000	b1cf3768-ac7e-41f9-8f38-f4e493369817	{"action":"login","actor_id":"cca4138d-4349-477f-83d3-1f96687e3f66","actor_username":"xopoda@denipl.com","actor_via_sso":false,"log_type":"account","traits":{"provider":"email"}}	2025-11-10 07:37:21.760177+00	
00000000-0000-0000-0000-000000000000	4c7fbd4f-795f-4009-b9cf-9cf6c62dd797	{"action":"login","actor_id":"cca4138d-4349-477f-83d3-1f96687e3f66","actor_username":"xopoda@denipl.com","actor_via_sso":false,"log_type":"account","traits":{"provider":"email"}}	2025-11-10 07:41:11.529265+00	
00000000-0000-0000-0000-000000000000	aecee8e6-a9b2-4513-a405-2790078338a4	{"action":"login","actor_id":"65567bd1-b1ff-4a54-9060-357973a502a1","actor_username":"idofshankar@gmail.com","actor_via_sso":false,"log_type":"account","traits":{"provider":"email"}}	2025-11-23 05:45:33.118699+00	
00000000-0000-0000-0000-000000000000	68f165fc-c7f4-46c4-a1fb-a6674c0d75c5	{"action":"token_refreshed","actor_id":"65567bd1-b1ff-4a54-9060-357973a502a1","actor_username":"idofshankar@gmail.com","actor_via_sso":false,"log_type":"token"}	2025-11-23 06:44:36.236134+00	
00000000-0000-0000-0000-000000000000	965e0115-dd87-4da4-8878-87e13f7fb5b4	{"action":"token_revoked","actor_id":"65567bd1-b1ff-4a54-9060-357973a502a1","actor_username":"idofshankar@gmail.com","actor_via_sso":false,"log_type":"token"}	2025-11-23 06:44:36.256233+00	
00000000-0000-0000-0000-000000000000	60162892-f2ad-4469-8485-d36be9249941	{"action":"user_repeated_signup","actor_id":"57583c2e-4277-4ff8-a4db-2359346eae4c","actor_username":"viewdodload@gmail.com","actor_via_sso":false,"log_type":"user","traits":{"provider":"email"}}	2025-12-18 06:15:28.461887+00	
00000000-0000-0000-0000-000000000000	65d40464-895d-4eda-8cb0-b35f17ca28ea	{"action":"user_signedup","actor_id":"1594ca26-055b-48c6-a60b-1b65cbf54a87","actor_username":"hosaj91475@m3player.com","actor_via_sso":false,"log_type":"team","traits":{"provider":"email"}}	2025-12-18 06:16:21.836473+00	
00000000-0000-0000-0000-000000000000	2f786d12-134c-4b86-9e07-6cc0a338cf2b	{"action":"login","actor_id":"1594ca26-055b-48c6-a60b-1b65cbf54a87","actor_username":"hosaj91475@m3player.com","actor_via_sso":false,"log_type":"account","traits":{"provider":"email"}}	2025-12-18 06:16:21.850608+00	
00000000-0000-0000-0000-000000000000	255cb99c-bec9-4ee7-a29c-4aedfe048c84	{"action":"login","actor_id":"1594ca26-055b-48c6-a60b-1b65cbf54a87","actor_username":"hosaj91475@m3player.com","actor_via_sso":false,"log_type":"account","traits":{"provider":"email"}}	2025-12-18 06:16:29.159027+00	
00000000-0000-0000-0000-000000000000	c2eaa298-9f31-4847-b62c-b2596e961957	{"action":"login","actor_id":"1594ca26-055b-48c6-a60b-1b65cbf54a87","actor_username":"hosaj91475@m3player.com","actor_via_sso":false,"log_type":"account","traits":{"provider":"email"}}	2025-12-18 06:26:14.228507+00	
00000000-0000-0000-0000-000000000000	e40de676-c954-49da-be30-4e39362885c6	{"action":"login","actor_id":"1594ca26-055b-48c6-a60b-1b65cbf54a87","actor_username":"hosaj91475@m3player.com","actor_via_sso":false,"log_type":"account","traits":{"provider":"email"}}	2025-12-18 07:07:25.087209+00	
00000000-0000-0000-0000-000000000000	bc855b7e-9193-4b98-b19d-2419a9e76afb	{"action":"login","actor_id":"1594ca26-055b-48c6-a60b-1b65cbf54a87","actor_username":"hosaj91475@m3player.com","actor_via_sso":false,"log_type":"account","traits":{"provider":"email"}}	2025-12-18 07:08:26.727755+00	
00000000-0000-0000-0000-000000000000	be85ff78-4fec-4294-a0d2-845df7848eb4	{"action":"login","actor_id":"1594ca26-055b-48c6-a60b-1b65cbf54a87","actor_username":"hosaj91475@m3player.com","actor_via_sso":false,"log_type":"account","traits":{"provider":"email"}}	2025-12-18 07:11:32.986163+00	
00000000-0000-0000-0000-000000000000	244c0350-4bd6-4f60-a7d3-8f1f21b47677	{"action":"login","actor_id":"1594ca26-055b-48c6-a60b-1b65cbf54a87","actor_username":"hosaj91475@m3player.com","actor_via_sso":false,"log_type":"account","traits":{"provider":"email"}}	2025-12-18 07:11:56.752633+00	
00000000-0000-0000-0000-000000000000	5db3663b-417b-4180-a074-579d1e326f9a	{"action":"token_refreshed","actor_id":"1594ca26-055b-48c6-a60b-1b65cbf54a87","actor_username":"hosaj91475@m3player.com","actor_via_sso":false,"log_type":"token"}	2025-12-18 07:14:48.714046+00	
00000000-0000-0000-0000-000000000000	fc88bbf3-4968-4e41-847a-5fac9e72a3c9	{"action":"token_revoked","actor_id":"1594ca26-055b-48c6-a60b-1b65cbf54a87","actor_username":"hosaj91475@m3player.com","actor_via_sso":false,"log_type":"token"}	2025-12-18 07:14:48.721535+00	
00000000-0000-0000-0000-000000000000	a4a735b1-2528-49f0-bb25-42becc8f2db1	{"action":"login","actor_id":"1594ca26-055b-48c6-a60b-1b65cbf54a87","actor_username":"hosaj91475@m3player.com","actor_via_sso":false,"log_type":"account","traits":{"provider":"email"}}	2025-12-18 07:17:28.903099+00	
00000000-0000-0000-0000-000000000000	48dfd64a-e115-4f5d-a752-55ce18dbf620	{"action":"login","actor_id":"1594ca26-055b-48c6-a60b-1b65cbf54a87","actor_username":"hosaj91475@m3player.com","actor_via_sso":false,"log_type":"account","traits":{"provider":"email"}}	2025-12-18 07:21:24.722549+00	
00000000-0000-0000-0000-000000000000	31e36941-48f6-455c-9469-d58e610ceb43	{"action":"login","actor_id":"1594ca26-055b-48c6-a60b-1b65cbf54a87","actor_username":"hosaj91475@m3player.com","actor_via_sso":false,"log_type":"account","traits":{"provider":"email"}}	2025-12-18 07:22:08.645657+00	
00000000-0000-0000-0000-000000000000	ebcd8a2d-cf6f-4d37-9c35-c065a405308a	{"action":"login","actor_id":"1594ca26-055b-48c6-a60b-1b65cbf54a87","actor_username":"hosaj91475@m3player.com","actor_via_sso":false,"log_type":"account","traits":{"provider":"email"}}	2025-12-18 07:24:42.560664+00	
00000000-0000-0000-0000-000000000000	b81d2bc4-30af-4b90-b49f-fd4a24c2c04f	{"action":"logout","actor_id":"1594ca26-055b-48c6-a60b-1b65cbf54a87","actor_username":"hosaj91475@m3player.com","actor_via_sso":false,"log_type":"account"}	2025-12-18 07:25:04.176693+00	
00000000-0000-0000-0000-000000000000	223a1e8e-512e-4066-b036-1b831ed3419e	{"action":"user_signedup","actor_id":"e8fac4bd-4c34-4ee6-94ed-58d706ce05f5","actor_username":"yomik91675@m3player.com","actor_via_sso":false,"log_type":"team","traits":{"provider":"email"}}	2025-12-18 07:25:49.679329+00	
00000000-0000-0000-0000-000000000000	1d611f79-ecb6-4a7f-8f56-c36582f9e478	{"action":"login","actor_id":"e8fac4bd-4c34-4ee6-94ed-58d706ce05f5","actor_username":"yomik91675@m3player.com","actor_via_sso":false,"log_type":"account","traits":{"provider":"email"}}	2025-12-18 07:25:49.689619+00	
00000000-0000-0000-0000-000000000000	e1a0cac0-2192-40bf-91da-0a8b444281c1	{"action":"login","actor_id":"e8fac4bd-4c34-4ee6-94ed-58d706ce05f5","actor_username":"yomik91675@m3player.com","actor_via_sso":false,"log_type":"account","traits":{"provider":"email"}}	2025-12-18 07:26:30.515923+00	
00000000-0000-0000-0000-000000000000	5f51deeb-b560-4b2c-a2ea-47ce29e01e60	{"action":"login","actor_id":"e8fac4bd-4c34-4ee6-94ed-58d706ce05f5","actor_username":"yomik91675@m3player.com","actor_via_sso":false,"log_type":"account","traits":{"provider":"email"}}	2025-12-18 07:28:09.295851+00	
00000000-0000-0000-0000-000000000000	9e707d84-b4c0-4b08-b12e-3da2ce56d7f2	{"action":"logout","actor_id":"e8fac4bd-4c34-4ee6-94ed-58d706ce05f5","actor_username":"yomik91675@m3player.com","actor_via_sso":false,"log_type":"account"}	2025-12-18 07:28:12.675712+00	
00000000-0000-0000-0000-000000000000	e177d562-ed1c-4c8d-a530-6087a0364fe6	{"action":"login","actor_id":"e8fac4bd-4c34-4ee6-94ed-58d706ce05f5","actor_username":"yomik91675@m3player.com","actor_via_sso":false,"log_type":"account","traits":{"provider":"email"}}	2025-12-18 07:31:26.284298+00	
00000000-0000-0000-0000-000000000000	7b82aae0-2f25-4d0b-8a75-0161bc99b6b9	{"action":"login","actor_id":"e8fac4bd-4c34-4ee6-94ed-58d706ce05f5","actor_username":"yomik91675@m3player.com","actor_via_sso":false,"log_type":"account","traits":{"provider":"email"}}	2025-12-18 07:32:02.710159+00	
00000000-0000-0000-0000-000000000000	31840a60-ffd1-4088-82f4-4bf7e910ff81	{"action":"user_signedup","actor_id":"ddee15b8-b3ef-4dbc-9015-cc34ccb013a4","actor_username":"njk81649@gmail.com","actor_via_sso":false,"log_type":"team","traits":{"provider":"email"}}	2025-12-18 12:45:13.305535+00	
00000000-0000-0000-0000-000000000000	469f580f-f3fa-43d5-ab48-165abc7d39bc	{"action":"login","actor_id":"ddee15b8-b3ef-4dbc-9015-cc34ccb013a4","actor_username":"njk81649@gmail.com","actor_via_sso":false,"log_type":"account","traits":{"provider":"email"}}	2025-12-18 12:45:13.345348+00	
00000000-0000-0000-0000-000000000000	6159512c-7a6f-4049-8e3c-6480d1bd04ca	{"action":"user_signedup","actor_id":"236816a9-de5f-4b3c-980e-e9532b152910","actor_username":"akelesh66@gmail.com","actor_via_sso":false,"log_type":"team","traits":{"provider":"email"}}	2026-02-02 16:46:57.932164+00	
00000000-0000-0000-0000-000000000000	d884f3a8-c6b3-408a-a574-b4797f488975	{"action":"login","actor_id":"236816a9-de5f-4b3c-980e-e9532b152910","actor_username":"akelesh66@gmail.com","actor_via_sso":false,"log_type":"account","traits":{"provider":"email"}}	2026-02-02 16:46:57.961793+00	
00000000-0000-0000-0000-000000000000	5a0ec737-4a4a-42f9-bb2a-62bc57ce2209	{"action":"login","actor_id":"236816a9-de5f-4b3c-980e-e9532b152910","actor_username":"akelesh66@gmail.com","actor_via_sso":false,"log_type":"account","traits":{"provider":"email"}}	2026-02-02 16:47:56.975938+00	
\.
COPY audit_logs (id, admin_id, entity_type, entity_id, action, payload, ip_address, user_agent, created_at) FROM stdin;
\.
COPY cart_items (id, user_id, product_id, variant_id, quantity, created_at, updated_at) FROM stdin;
\.
COPY carts (id, user_id, items, subtotal, shipping, discount, total, updated_at) FROM stdin;
43adcf1c-1fa1-4509-a4b0-e5d25da1da23	cca4138d-4349-477f-83d3-1f96687e3f66	[{"id": "8uy4lcnig", "url": "#", "name": "Kovilpatti Kadalai Mittai - Jar", "image": "https://mirchi.com/os/cdn/content/images/kovilpatti%20kadalai%20mittai%20jar%20bharath%20snacks_tile_0188412.webp", "price": 134, "quantity": 1, "description": "Traditional groundnut chikki made in Kovilpatti, Madurai. Perfect for festivals and gifting."}]	134.00	60.00	0.00	194.00	2025-10-07 04:41:50.377+00
a76b3cd6-ee28-4a55-95aa-f894f0185f7d	6de378e6-8943-408a-aabb-0d7473015e72	[{"id": "8uy4lcnig", "url": "#", "name": "Kovilpatti Kadalai Mittai - Jar", "image": "https://mirchi.com/os/cdn/content/images/kovilpatti%20kadalai%20mittai%20jar%20bharath%20snacks_tile_0188412.webp", "price": 134, "quantity": 1, "description": "Traditional groundnut chikki made in Kovilpatti, Madurai. Perfect for festivals and gifting."}]	134.00	60.00	0.00	194.00	2025-10-07 05:48:48.839+00
\.
COPY collections (id, name, slug, description, image, created_at, updated_at) FROM stdin;
5c20d1c9-8eae-49cf-b31f-2f1b20fd88d1	Banana Chips	banana-chips	Collection of banana chips	https://dummyimage.com/400x400/111/fff	2025-10-03 05:55:49.20803+00	2025-10-03 05:55:49.20803+00
83c9c993-fe2b-4c63-b53e-c3f0d3ec57fc	Tapioca Chips	tapioca-chips	Collection of tapioca chips	https://dummyimage.com/400x400/222/fff	2025-10-03 05:55:49.20803+00	2025-10-03 05:55:49.20803+00
6ec1381e-447b-4904-9c5e-6a690085837e	Jackfruit Chips	jackfruit-chips	Collection of jackfruit chips	https://dummyimage.com/400x400/333/fff	2025-10-03 05:55:49.20803+00	2025-10-03 05:55:49.20803+00
\.
COPY coupons (id, code, type, value, usage_limit, used_count, starts_at, expires_at, metadata) FROM stdin;
\.
COPY ooru_specials (id, category_name, slug, description, image, created_at, updated_at) FROM stdin;
c2e1d40c-51ac-459a-a176-cc70674a331f	Tirunelveli Specials	tirunelveli-specials	Specialties from Tirunelveli, prepared using traditional methods and authentic ingredients.	https://i.postimg.cc/T3Hk9T5Z/1650f394-ab90-422f-a4bf-a0c5c396dcb5.jpg	2025-10-03 06:46:30.722841+00	2025-10-03 06:46:30.722841+00
3c26beab-35d1-4d05-8e5a-8417c498a9cd	Nagercoil Specials	nagercoil-specials	Exclusive specialties from Nagercoil, crafted with local ingredients and traditional methods.	https://i.postimg.cc/MHTMdJB2/a47ed797-a6f1-45d3-b74e-4ff1404e1608.jpg	2025-10-03 06:46:30.722841+00	2025-10-03 06:46:30.722841+00
2e04a6d2-1972-43ff-aecf-51d825bd9d87	Madurai Specials	madurai-specials	Authentic Madurai delicacies prepared using time-honored recipes and local ingredients.	https://i.postimg.cc/4y9ZJ8k1/48c12e74-35f8-4da4-b1af-af495e91b4d2.jpg	2025-10-03 06:46:30.722841+00	2025-10-03 06:46:30.722841+00
\.
COPY ooru_specials_products (id, ooru_special_id, product_name, weight, price, discounted_price, description, image_url, created_at, updated_at) FROM stdin;
5d0fb570-5458-461e-815c-8f4593824092	3c26beab-35d1-4d05-8e5a-8417c498a9cd	Special Nagercoil Banana Chips Combo	350g	Rs.299.00	Rs.150	Get the authentic taste of Nagercoil in every bite with this delicious combo!, 250g Crispy Banana Chips  Thinly sliced, perfectly fried, and lightly salted for that irresistible crunch. 100g Traditional Mixture  A spicy, crunchy South Indian snack blend made with care and packed with flavor.	https://wheat-coyote-359937.hostingersite.com/media/NilaaFoods/compo.jpg	2025-10-03 06:56:40.197729+00	2025-10-03 06:56:40.197729+00
7009af76-2711-4400-81c1-c665e113776e	3c26beab-35d1-4d05-8e5a-8417c498a9cd	Maravallikilanku Chips	500g	Rs.500.00	Rs.499	Maravallikilanku Chips are a traditional South Indian snack made from tapioca roots (cassava), locally called Maravalli Kilangu in Tamil.	https://wheat-coyote-359937.hostingersite.com/media/NilaaFoods/MaravallikilankuChips.jpg	2025-10-03 06:56:40.197729+00	2025-10-03 06:56:40.197729+00
558f0e2a-5d63-4f54-81a7-d69bf8542904	3c26beab-35d1-4d05-8e5a-8417c498a9cd	Jackfruit Chips	500g	Rs.400.00	Rs.399	Nagercoil Jackfruit Chips are a traditional and much-loved snack from the southern tip of Tamil Nadu, especially famous in the Kanyakumari region	https://wheat-coyote-359937.hostingersite.com/media/NilaaFoods/JackfruitChips.jpg	2025-10-03 06:56:40.197729+00	2025-10-03 06:56:40.197729+00
ff09e425-1d1d-40ce-983a-3aa6a55a315a	3c26beab-35d1-4d05-8e5a-8417c498a9cd	Nenthiram Chips	500g	Rs.300.00	Rs.299	Nenthiram Chips - the best snack you can get from South India ! Made with the freshest Nagercoil Nendran Bananas, these chips are flavoured with Black pepper from Kanyakumari for an extra kick. With 4 delicious flavours to choose from  Original, Extra Spicy, Classic Salt, and Peri Peri  you can get your snack fix without compromising on flavour hands on a bag of Spicy Banana Chips today and experience the unique taste of Nager	https://www.nagercoilfoods.com/images/Products/chips.png	2025-10-03 06:56:40.197729+00	2025-10-03 06:56:40.197729+00
f1633cd4-cf23-4e40-9792-991f685c336c	3c26beab-35d1-4d05-8e5a-8417c498a9cd	Nagercoil Banana Chips	250g	Rs.200.00	Rs.170	Nagercoil Banana Chips - the best snack you can get from South India ! Made with the freshest Nagercoil Nendran Bananas, these chips are flavoured with Black pepper from Kanyakumari for an extra kick. With 4 delicious flavours to choose from  Original, Extra Spicy, Classic Salt, and Peri Peri  you can get your snack fix without compromising on flavour. Get your hands on a bag of Spicy Banana Chips today and experience the unique taste of Nagercoil!	https://www.nagercoilfoods.com/images/Products/chips.png	2025-10-03 06:56:40.197729+00	2025-10-03 06:56:40.197729+00
0826dfec-0593-49e5-8e32-1b687fa67593	3c26beab-35d1-4d05-8e5a-8417c498a9cd	Nagercoil Special Karasev	250g	Rs.150.00	Rs.121	Buy authentic Nagercoil-style Karasev  a crisp and flavourful South Indian snack made with rice flour and gram flour. Perfect for tea-time and festive celebrations!	https://www.nagercoilfoods.com/images/Products/karacho.png	2025-10-03 06:56:40.197729+00	2025-10-03 06:56:40.197729+00
ea4932fe-7efd-4c05-a49b-7c9beee50356	3c26beab-35d1-4d05-8e5a-8417c498a9cd	Nagercoil Special Mixture	250g	Rs.170.00	Rs.140	Enjoy the taste of authentic South Indian Mixture  a crunchy and spicy snack mix from Kanyakumari made with boondi, peanuts, sev, and a bold blend of spices. Perfect for tea time and festivals	https://www.nagercoilfoods.com/images/Products/mixture.png	2025-10-03 06:56:40.197729+00	2025-10-03 06:56:40.197729+00
03293681-1338-4f95-a6c2-7103ef50d0ee	3c26beab-35d1-4d05-8e5a-8417c498a9cd	Nagercoil Special Seeval	250g	Rs.150.00	Rs.120	Enjoy the crispy and spicy taste of authentic Kanyakumari-style Ribbon murukku . Made with fresh ingredients and traditional recipes, this South Indian snack is perfect for festivals or tea-time cravings. Order online and experience the flavor of Tamil Nadu!	https://www.nagercoilfoods.com/images/Products/seeval.png	2025-10-03 06:56:40.197729+00	2025-10-03 06:56:40.197729+00
1484ad8c-3818-4dfe-8fa3-92793542d000	c2e1d40c-51ac-459a-a176-cc70674a331f	Original Srivilliputhur Palkova 125g	125g	Rs.99.00	Rs.99.00	Delicious and traditional Srivilliputhur Palkova, made with pure milk and sugar. Soft, melt-in-your-mouth texture.	https://www.indiansnackhouse.com/cdn/shop/files/Screen_Shot_2025-04-07_at_10.42.04_AM.png?v=1744002768&width=533	2025-10-03 07:33:03.943376+00	2025-10-03 07:33:03.943376+00
05b53a32-0bfd-41df-b9ec-015e63a30395	c2e1d40c-51ac-459a-a176-cc70674a331f	Tirunelveli Ghee Alwa 125g	125g	Rs.99.00	Rs.99.00	Authentic Tirunelveli Ghee Alwa made with traditional methods, rich in ghee and perfect for festive occasions.	https://www.indiansnackhouse.com/cdn/shop/files/Screen_Shot_2025-04-07_at_10.43.22_AM.png?v=1744002857&width=533	2025-10-03 07:33:03.943376+00	2025-10-03 07:33:03.943376+00
a1aac874-84c8-4358-b445-b2b3f700dace	c2e1d40c-51ac-459a-a176-cc70674a331f	Kovilpatti Kadalai Mittai 125g (Groundnut Chikki)	125g	Rs.59.00	Rs.59.00	Crunchy groundnut chikki from Kovilpatti, made with roasted peanuts and jaggery. A classic South Indian sweet snack.	https://www.indiansnackhouse.com/cdn/shop/files/kadalaimittai-DP-1_copy.png?v=1721112330&width=533	2025-10-03 07:33:03.943376+00	2025-10-03 07:33:03.943376+00
eb14a5be-d166-406c-84d1-5dea23d9dbeb	c2e1d40c-51ac-459a-a176-cc70674a331f	Srirangam Adhirasam 125g	125g	Rs.78.00	Rs.78.00	Traditional Srirangam Adhirasam, deep-fried jaggery donuts made from rice flour, soft and flavorful.	https://www.indiansnackhouse.com/cdn/shop/files/1200_x_1800-13_1.jpg?v=1745660538&width=533	2025-10-03 07:33:03.943376+00	2025-10-03 07:33:03.943376+00
1449f6fa-a846-4ae5-8a9d-fa1cb7d02d78	c2e1d40c-51ac-459a-a176-cc70674a331f	Tuticorin (Thoothukudi) Cashew Macaroons	125g	Rs.99.00	Rs.99.00	Soft and rich cashew macaroons from Tuticorin, perfect for gifting or tea-time indulgence.	https://www.indiansnackhouse.com/cdn/shop/files/Thoothukudi-Macroon_copy_b8a35ef9-e2fc-47af-85fe-04b522870cdc.png?v=1745758778&width=533	2025-10-03 07:33:03.943376+00	2025-10-03 07:33:03.943376+00
03a44d40-e765-46be-90da-6f078fd0b21f	c2e1d40c-51ac-459a-a176-cc70674a331f	Kerala Sarkara Nendran Banana Upperi 100g	100g	Rs.80.00	Rs.80.00	Sweet and crispy banana upperi made from Kerala Nendran bananas, coated with jaggery for a natural sweetness.	https://www.indiansnackhouse.com/cdn/shop/files/upperi-1.jpg?v=1733325748&width=533	2025-10-03 07:33:03.943376+00	2025-10-03 07:33:03.943376+00
e7fc1b91-468a-42ba-9189-d93672013ef1	2e04a6d2-1972-43ff-aecf-51d825bd9d87	Kovilpatti Kadalai Mittai - Jar	300g	141.00	134.00	Traditional groundnut chikki made in Kovilpatti, Madurai. Perfect for festivals and gifting.	https://mirchi.com/os/cdn/content/images/kovilpatti%20kadalai%20mittai%20jar%20bharath%20snacks_tile_0188412.webp	2025-10-03 07:59:36.643318+00	2025-10-03 07:59:36.643318+00
2cd75c89-116a-4935-9a89-4afc1097fa19	2e04a6d2-1972-43ff-aecf-51d825bd9d87	Coconut Laddu (Pack of 2)	200g	146.00	139.00	Soft and sweet coconut laddus made with pure coconut and jaggery. Pack of 2 for sharing.	https://mirchi.com/os/cdn/content/images/coconut%20laddu%20pack%20of%202%20bharath%20snacks_tile_0158230.webp	2025-10-03 07:59:36.643318+00	2025-10-03 07:59:36.643318+00
40ea8f60-b0e9-4af3-b9d7-fe39a2eb41bd	2e04a6d2-1972-43ff-aecf-51d825bd9d87	Till Rounds (Pack of 2)	250g	146.00	139.00	Crunchy sesame seed rounds with a perfect balance of sweetness. Traditional Madurai snack.	https://mirchi.com/os/cdn/content/images/till%20rounds%20pack%20of%202%20bharath%20snacks_tile_0585570.webp	2025-10-03 07:59:36.643318+00	2025-10-03 07:59:36.643318+00
f7c33428-ccb9-4fd5-932d-fa53f3d10b15	2e04a6d2-1972-43ff-aecf-51d825bd9d87	Peanut Thokku Mittai	150g	103.00	99.00	A delicious crunchy peanut snack with a hint of sweetness. Classic Madurai treat.	https://mirchi.com/os/cdn/content/images/peanut%20thokku%20mittai%20bharath%20snacks_tile_0884518.webp	2025-10-03 07:59:36.643318+00	2025-10-03 07:59:36.643318+00
b566b095-421d-4330-973f-cd3b7f08e3c7	2e04a6d2-1972-43ff-aecf-51d825bd9d87	Super Pack Nice Chikki (Pack of 2)	300g	146.00	139.00	Soft and crunchy groundnut chikki packed for sharing. Perfect for tea time.	https://mirchi.com/os/cdn/content/images/super%20pack%20nice%20chikki%20pack%20of%202%20bharath%20snacks_tile_0934540.webp	2025-10-03 07:59:36.643318+00	2025-10-03 07:59:36.643318+00
f3e0efb4-7ae8-41b3-b137-47e98107c047	2e04a6d2-1972-43ff-aecf-51d825bd9d87	Super Pack Groundnut Chikki (Pack of 2)	300g	146.00	139.00	Traditional Madurai-style groundnut chikki, crunchy and sweet. Pack of 2.	https://mirchi.com/os/cdn/content/images/super%20pack%20groundnut%20chikki%20pack%20of%202%20bharath%20snacks_tile_0637188.webp	2025-10-03 07:59:36.643318+00	2025-10-03 07:59:36.643318+00
68d80c28-98cd-4b7f-a0f3-87f7f71f1dd7	2e04a6d2-1972-43ff-aecf-51d825bd9d87	Kamarkat (Pack of 2)	300g	146.00	139.00	Crispy peanut chikki with a bold crunch. Pack of 2, perfect for festivals.	https://mirchi.com/os/cdn/content/images/kamarkat%20pack%20of%202%20bharath%20snacks_tile_0564647.webp	2025-10-03 07:59:36.643318+00	2025-10-03 07:59:36.643318+00
ec49a966-949f-4bef-b7a1-ad30b5770aae	2e04a6d2-1972-43ff-aecf-51d825bd9d87	Nice Chikki Rounds (Pack of 2)	300g	146.00	139.00	Round-shaped crunchy peanut chikki, delicious and perfect for gifting. Pack of 2.	https://mirchi.com/os/cdn/content/images/nice%20chikki%20rounds%20bharath%20snacks_tile_0907683.webp	2025-10-03 07:59:36.643318+00	2025-10-03 07:59:36.643318+00
\.
COPY order_items (id, order_id, product_id, variant_id, quantity, unit_price, total_price, created_at) FROM stdin;
\.
COPY orders (id, user_id, order_number, status, total_amount, subtotal, shipping_amount, discount_amount, shipping_address, payment_status, payment_method, special_instructions, created_at, updated_at, admin_notes, assigned_to, priority) FROM stdin;
\.
COPY product_collections (product_id, collection_id) FROM stdin;
0b0b4fee-df7a-425d-b3f4-0569fac6ac92	5c20d1c9-8eae-49cf-b31f-2f1b20fd88d1
7ba55c27-7728-43db-a184-54a7fab6d55f	83c9c993-fe2b-4c63-b53e-c3f0d3ec57fc
d075638d-4607-4e55-bd40-d73fe26379b2	6ec1381e-447b-4904-9c5e-6a690085837e
\.
COPY product_variants (id, product_id, name, sku, price, msrp, weight_grams, inventory_qty, created_at, updated_at, low_stock_threshold) FROM stdin;
5c3ad76e-c920-43db-ae83-91000f7b3b9f	0b0b4fee-df7a-425d-b3f4-0569fac6ac92	350g Combo	SKU001-350	150	\N	350	20	2025-10-03 05:55:49.20803+00	2025-10-03 05:55:49.20803+00	5
COPY products (id, product_name, description, price, image_url, product_url, slug, sku, currency, status, created_at, updated_at) FROM stdin;
0b0b4fee-df7a-425d-b3f4-0569fac6ac92	Special Nagercoil Banana Chips Combo	Combo pack of banana chips & mixture	150	https://nagercoilfoods.com/images/Products/chips.png\r\n	/product/1	banana-chips-combo	SKU001	INR	active	2025-10-03 05:55:49.20803+00	2025-10-03 05:55:49.20803+00
COPY profiles (id, user_id, first_name, last_name, phone, roles, created_at, updated_at, email, is_admin, is_active, last_login_at, profile_picture) FROM stdin;
71cba58d-54ae-4188-8af1-92f92ec6b775	cb26c571-6e94-4583-ab5c-a49a35f7d95e	\N	\N	\N	{customer}	2025-10-04 08:07:01.881822+00	2025-10-04 08:07:01.881822+00	\N	f	t	\N	\N
COPY reviews (id, product_id, customer_name, review_title, review_comment, rating, created_at, updated_at, is_verified, helpful_count) FROM stdin;
823ea7c1-2ecd-412e-9ff7-0cb21d5cb72e	traditional-karasev	Sudha Krishnan	Absolutely authentic taste!	Reminds me of my grandmother's homemade chips. The traditional taste is exactly what I was looking for. Highly recommended!	5	2025-10-04 16:34:41.4216+00	2025-10-04 16:34:41.4216+00	t	0
14ed5015-c387-4768-aaae-210f7f29bcff	traditional-karasev	Ravi Kumar	Great quality and taste	The karasev is crispy and has the perfect amount of spice. Will definitely order again.	4	2025-10-04 16:34:41.4216+00	2025-10-04 16:34:41.4216+00	t	0
5d37240d-2d84-4954-a24c-7631b00a411b	traditional-karasev	Priya Sharma	Good but could be better	Taste is good but the packaging could be improved. The chips were a bit crushed.	3	2025-10-04 16:34:41.4216+00	2025-10-04 16:34:41.4216+00	f	0
7b0a43ee-d2da-4fe2-b2fb-7520de601cc6	traditional-karasev	Lakshmi Nair	Excellent product	Authentic South Indian taste. My family loved it. The quality is top-notch.	5	2025-10-04 16:34:41.4216+00	2025-10-04 16:34:41.4216+00	t	0
eef58b5a-8551-4a2a-a525-b11b0b16dcd8	butter-mixture	Meera Nair	Best snacks for family gatherings	Everyone loves the combo pack! The butter mixture is especially delicious.	5	2025-10-04 16:34:41.4216+00	2025-10-04 16:34:41.4216+00	t	0
e45bad08-e14d-4b0d-afb9-da7477bf101a	butter-mixture	Arun Kumar	Good value for money	Nice taste and good quantity. Would recommend to others.	4	2025-10-04 16:34:41.4216+00	2025-10-04 16:34:41.4216+00	t	0
cca3909a-ffe3-4119-a655-c4cd90bb0451	jackfruit-chips	Deepika V	Unique and delicious	Never had jackfruit chips before. This is amazing! Unique taste and great quality.	5	2025-10-04 16:34:41.4216+00	2025-10-04 16:34:41.4216+00	t	0
569569f0-38fc-4679-80a0-b18fd0acfeae	karupatti-laddu	Venkat Raman	Excellent packaging and delivery	The karupatti sweets are divine! Perfect sweetness and traditional taste.	5	2025-10-04 16:34:41.4216+00	2025-10-04 16:34:41.4216+00	t	0
5a2dca61-04cd-4166-b092-1ad9b92a9a3c	7	John Doe	Amazing authentic taste!	This Traditional Karasev is absolutely delicious! The authentic pepper flavor reminds me of my grandmother's homemade snacks. The quality is excellent and it arrived fresh. Highly recommended for anyone who loves authentic South Indian snacks!	5	2025-10-04 16:37:25.249088+00	2025-10-04 16:37:25.249088+00	f	0
\.
COPY saved_articles (id, user_id, url, title, summary, created_at) FROM stdin;
\.
COPY tamilnadu_karupatti_classics (id, product_name, weight, price, discounted_price, description, image_url) FROM stdin;
2fd3553a-0f61-4b5c-a981-3b74b04c5139	Sattur Karupatti Mittai -   	100	270.00	250.00	This product is not eligible for one-day delivery Looking for the best Karupatti Mittai ? Youve found it! At Pettikadai , we bring you the finest traditional jaggery sweets, made with pure palm jaggery, rice flour, and urad dal . Its a crispy, melt-in-your-mouth treat thats both delicious and healthy! Order Now & Enjoy the Taste of Tradition! Treat yourself to this classic South Indian sweet or gift it to your loved ones. Order Karupatti Mittai today from Pettikadai.in and experience the goodness of traditional sweets!  Perfect for festivals, celebrations, and everyday snacking! Read More	//pettikadai.in/cdn/shop/products/Karupattimittai_300x300_crop_center.jpg?v=1749048195
7d140088-e1c6-4685-92a0-d817b043f152	Sivakasi Jaggery Mittai-  	100	210.00	200.00	This product is not eligible for one-day delivery An ideal snack for kids and adults alike, this sweet and crunchy savoury has a caramelized taste with the native earthy smell of karupatti (palm jaggery), rich in iron and zinc. Made of gram flour and rice flour, this oil fried snack is topped with palm jaggery syrup, which gives a caramelized flavour to this healthy and tasty snack.          .        .  ,          . INGREDIENTS Rice Flour, Urid Dhall, Jaggery (Vellam) Syrup SERVING GUIDE Store in an airtight container SHELF LIFE 12 Days Validity Read More	//pettikadai.in/cdn/shop/products/karupattimittai-sivakasi_300x300_crop_center.jpg?v=1749048192
ae765031-a5af-4fd2-9e61-b21a3657d8df	Palm Jaggery Sev - 	100	250.00	240.00	"Unrefined palm sugar is called Karupatti in Tamil. The batter made from rice flour and black lentil flour is dropped into hot oil in shapes like that of loops of a roller coaster track. Later these mini race tracks are dunked into caramelized sauce made of palm sugar. Though it shares a similarity with Jangir and Jalebi in shape, it is easy to differentiate it from them. The special deep flavour imparted from palm sugar and the natures of the batter are standout points that make the difference quite evident. To sweeten up your festive memories, try this!"     .       ,    ,     . ,      ,        .         . INGREDIENTS Besan Flour, Rice flour, Palm jaggery syrup, Dried Ginger & Groundnut oil SERVING GUIDE Store in an airtight container SHELF LIFE 30 Days Validity Read More	//pettikadai.in/cdn/shop/products/karupattisev_300x300_crop_center.jpg?v=1749048198
e902582a-98d4-421c-b030-1064177a0eb3	Palm Jaggery Kaju Katli -   	100	560.00	550.00	This product contains Dairy items and cannot be shipped to EU and UK product is not eligible for one-day delivery DESCRIPTION Karupatti Kaju Katli are a unique take on the delightful Kaju Katli with its origins in North India. The usual white sugar is substituted with the natural Palm jaggery that has amazing health benefits and medicinal uses. With no compromises made on taste, this is a much more interesting alternative to make your celebrations better.      ,        .       .        . INGREDIENTS Cashew, Palm Jaggery, Ghee SERVING GUIDE Store in an airtight container SHELF LIFE 12 days Read More	//pettikadai.in/cdn/shop/products/kajukathalai_300x300_crop_center.jpg?v=1672645601
\.
COPY tamilnadu_savoury_classics (id, product_name, weight, price, discounted_price, description, image_url) FROM stdin;
2c0409fd-5026-4bdf-a37a-3fb8000d837d	Butter Seedai	100	46.00	32.00	Popular during Krishna Jayanthi festivities, these crispy savory roundels made with an extra dollop of butter are perfect for a quick munch. Lord Krishna loves his Butter seedais, how about you? Shelf Life: 25 days Ingredients: Rice Flour. Salt, Sesame, Butter	https://thesattursnacks.com/wp-content/uploads/2020/12/4.BUTTER-SEEDAI-1KG-340.jpg
30ce23fc-e4f8-4a4c-946d-f9422dcf2105	Pepper Thattai	100	32.00	32.00	Spice lovers, gear up . Milagu Thattai is a delicious savory snack made from rice flour. The magic ingredient here is pepper.Taste our pepper thattai to know what Im talking about. Shelf Life: 25 days Ingredients: Rice Flour, Urad Dal Flour, Pottukadali Flour, Pepper	https://thesattursnacks.com/wp-content/uploads/2021/01/MILAGU-THATTAI.jpg
47a624f7-6db3-4ce3-849d-b1034a94b05c	Kaara Boondhi	100	40.00	32.00	Loved by all ages alike, Sattur snacks kaara boondhi is the perfect blend of gram flour, spices, ground nuts, cashew nuts and curry leaves. You can simply munch on them or have them as a side to your main dish. Goes great with curd rice too! Shelf Life: 25 days Ingredients: Besan Flour, Red Chilli Powder, Salt, Curry Leaves, Pepper	https://thesattursnacks.com/wp-content/uploads/2021/01/12.KAARA-BOONDHI-1KG-340.jpg
655698ca-aa86-4742-8f25-293d7a9d0a8c	Masala Kadalai	100	40.00	32.00	Attention, peanut lovers! We got you! Covered in a flavourful batter deep fried in oil and garnished with fresh curry leaves, our Masala Kadalai is a top choice among individuals of all age gatherings. Shelf Life : 25 days Ingredients: Groundnut, Salt, Rice Flour, Red Chilli Powder, Curry Leaves	https://thesattursnacks.com/wp-content/uploads/2021/01/MASALA-KADLAI-.jpg
6b691d75-a354-460e-b276-a014048b2ede	Classic Seeval	100	44.00	32.00	Made with gram flour, asoefoetida and a ton of other flavors, this snack offers a zesty twist in each chomp! No need for an occasion or a special time of day  you can snack on Seeval all day long! Shelf Life: 45 days Ingredients: Besan Flour, Rice Flour, Hill Garlic, Salt	https://thesattursnacks.com/wp-content/uploads/2021/01/SATTUR-SEEVAL.jpg
75e49e03-4b78-4402-ae0f-917b846c19f5	Coriander Thattai	100	32.00	32.00	A definite most loved nibble among children and grown-ups the same, thattai stays an interminable favourite! Customers rush to our shop for the unique delicacy made of coriander, keeping our shop occupied each day. Shelf Life: 25 days Ingredients: Rice Flour, Urad Dal Flour, Pottukadali Flour, Coriander	https://thesattursnacks.com/wp-content/uploads/2021/01/MALLI-THATTAI.jpg
7ba122e7-5ac5-4dbc-ba88-d038d27c9e8d	Chovi Seedai	100	42.00	32.00	Our Chovi seedai is made using maida batter kneaded with butter, manually extruded, and fried.  These charming lil roundels are sure to allure the eater, to eat more and more. Shelf Life: 25 days Ingredients: Maida, Salt, Sesame, Butter, Masala Powder	https://thesattursnacks.com/wp-content/uploads/2021/01/SHELL-SEEDAI.jpg
97a067e4-5b4c-4dad-9bdc-ddaa23feb9a2	Healthy Multigrain Pulses	100	46.00	32.00	Heres a bite that can soon become a healthy addiction. Each spoonful of this snack is fueled by proteins. With the freshest ingredients Bengal Gram, Wheat, Horse Gram, Black Gram, Green Gram, White Beans, Chick Peas and exemplary Indian flavors, this spicy and extraordinary blend is a long way from your ordinary combination. Shelf Life: 25 days Ingredients: Bengal Gram, Wheat, Horse Gram, Black Gram, Green Gram, White Beans, Chick Peas	https://thesattursnacks.com/wp-content/uploads/2021/01/NAVADHANYAM.jpg
ab19d306-2875-45f1-a9da-28df8c454ffa	Plain Baby Sev	100	30.00	31.00	Tangy besan crisps that are oh, so lil. Pop them in your mouth right away or sprinkle them over Bhel puri, Dahi puri, Bhel Puri or Samosa Chaat! Shelf Life: 45 days Ingredients: Besan Flour, Rice Flour, Hill Garlic, Asafoetida, Salt, Jeera	https://thesattursnacks.com/wp-content/uploads/2021/01/PLAIN-BABY-SEVU.jpg
bad16b9a-15c9-41dd-ae5c-2450b5aba419	Pepper Seeval	100	34.00	32.00	Made with besan and rice flour, this spicy, fried snack has the zing that could get you addicted to its taste. Adding pepper to the regular seeval elevates the snack to another level. Shelf Life : 45 days Ingredients: Besan Flour, Rice Flour, Hill Garlic, Pepper, Salt	https://thesattursnacks.com/wp-content/uploads/2021/01/MILAGU-SEEVAL.jpg
d35c86e0-8ca5-49dd-b3f8-f811c88fdc1d	Butter Sevu	100	46.00	32.00	Crispy flakes of sev packed with the lusciousness of freshly churned butter. Best eaten straight from the pack or topped over rice dishes. Shelf Life: 45 days Ingredients: Rice Flour, Salt, Sesame, Butter	https://thesattursnacks.com/wp-content/uploads/2020/12/5.BUTTER-SEVU-1KG-340.jpg
d93cb97b-63bd-4d21-9d5a-4bf53e9f267d	Pepper Sev	100	46.00	32.00	Slightly on the spicier side, these fried noodle-shaped peppery crisps are the ideal snack on a rainy day with some tea/espresso! Shelf Life: 45 days Ingredients: Besan Flour, Rice Flour, Hill Garlic, Pepper, Asafoetida, Salt, Jeera	https://thesattursnacks.com/wp-content/uploads/2021/01/MILAGU-SEVU.jpg
d99f34f5-0805-451c-96bd-563fe66d9331	Ellu Kaara Sevu	100	34.00	32.00	Spiced gram flour spiked with crunchy sesame seeds and fried to perfection. Crunch and flavour in every bite. Shelf Life: 45 days Ingredients: Rice Flour, Salt, Sesame, Chilly Powder	https://thesattursnacks.com/wp-content/uploads/2020/12/10.ELLU-KAARA-SEVU-1KG-340.jpg
fc19437d-ee1b-4662-9381-9438ee06df4c	Classic Sattur Kaara Sev	100	46.00	32.00	Sattur Snacks is very famous for its Kaara Sev. Our fiery Kaara Sev has its own flavor since we utilize Aachis secret recipe. Hot, fragrant and firm, this snack has stood the trial of time to rule and turn into peoples top pick. Made with gram flour (besan) and rice flour enhanced with red chillies, hill garlic, cumin and asafoetida, this oil fried snack is a true delight Shelf Life: 45 days Ingredients: Besan Flour, Rice Flour, Hill Garlic, Red Chilli Powder, Asafoetida, Salt, Jeera	https://thesattursnacks.com/wp-content/uploads/2021/01/SATTUR-KAARA-SEVU.jpg
f61d38ae-31e1-4de6-8e09-e1d8dab8d5c0	Chilly Seeval	100	44.00	32.00	A classic originating from the Sattur region, try out some lip-smacking Chilly Seeval. Nothing but a spicy take on the butter seeval. Goes great with Chai too! Shelf Life: 45 days Ingredients: Besan Flour, Rice Flour, Hill Garlic, Salt, Dried Chilli	https://thesattursnacks.com/wp-content/uploads/2020/12/7.CHILLY-SEEVAL-1KG-340.jpg
099553b3-1138-4470-b6c8-28021c367062	Spicy Thattai	100	42.00	32.00	Widely popular and loved by all, thattais are delicious deep-fried crisp crackers made with rice flour, lentil flour, spices and herbs. Try our take on this popular dish before they run out. Shelf Life: 25 days Ingredients: Rice Flour, Urad Dal Flour, Pottukadali Flour, Red Chilli Powder	https://thesattursnacks.com/wp-content/uploads/2021/01/13.KAARA-THATTAI-1KG-340.jpg
14d6a5ac-e16a-47d5-b01a-3cbf31d1cb8d	Mini Thattadai	100	36.00	32.00	Shelf Life : 28 Days Ingredients: Rice Flour, Urad Dal Flour, Butter, Red Chilli Powder, Roasted Gram Dal	https://thesattursnacks.com/wp-content/uploads/2021/10/Mini-Thattadai.jpg
24c4004b-dd78-48b7-8718-b7c7e08819eb	Pakoda	100	42.00	32.00	Shelf Life : 28 Days Ingredients: Besan Flour, Onions, Curry Leaves, Green Chilli, Salt, Cumin	https://thesattursnacks.com/wp-content/uploads/2021/09/Pakoda.jpg
4d034d4d-3328-44cd-b06d-9b0cd64aca45	Corn Mixture	100	44.00	32.00	Shelf Life : 28 Days Ingredients: Corn Flakes, Groundnuts, Roasted Gram Dal, Kashmiri Red chilli powder, Curry Leaves	https://thesattursnacks.com/wp-content/uploads/2021/10/Corn-Mixture.jpg
58a85e4a-6c36-4401-b76c-ffbf513ca234	Moto Mixture	100	44.00	32.00	Every district and province of India has its own interesting and delicious version of the mixture. This one aptly captures the vibrancy and spirit of Bombay! Shelf Life: 25 days Ingredients: Besan Flour,Wheat, Gram flour, Groundnuts, Roasted Lentils	https://thesattursnacks.com/wp-content/uploads/2021/01/MOTTO-MIXER.jpg
704991b6-76e1-4f76-b28a-99ba14d8f5d0	Pepper Mixture	100	46.00	32.00	Shelf Life : 25 days Ingredients: Besan Flour,Pepper Powder, Salt, Roasted Lentils	https://thesattursnacks.com/wp-content/uploads/2021/01/PEPPER-MIXER.jpg
c4623a8e-2b3e-4445-9860-4b3b0e885c73	Oma Podi	100	44.00	32.00	Shelf Life : 28 Days Ingredients: Besan Flour, Curry Leaves,Salt	https://thesattursnacks.com/wp-content/uploads/2021/10/Oma-Podi.jpg
c67b91ce-e5ca-4270-a907-99a1173e4085	Chit Chat Mixture	100	44.00	32.00	Shelf Life : 28 Days Ingredients: Cashew, Chat Masala, Kashmiri Red Chilli Powder, Groundnut, Flattened Rice	https://thesattursnacks.com/wp-content/uploads/2021/10/Chit-Chat-Mixture.jpg
da503281-11f0-477a-b89e-c108cd6c8afd	Ribbon Pakoda	100	46.00	32.00	The Ribbon Pakoda is a visual treat in addition to being a delicious one! Predominantly seen and made in South-Indian homes during family-oriented festivals and pujas, this snack is literally every kids favourite. Produced using an even blend of gram flour and rice flour with a hint of spice, pressed into equally meager strips and deep-fried in oil, the ribbon pakkoda from Sattur Snacks is a snack lovers delight and is sure to leave a lingering taste with every bite. Shelf Life: 45 days Ingredients: Rice Flour, Red Chilli Powder, Hill Garlic, Roasted Gram Powder, Butter, Cumin	https://thesattursnacks.com/wp-content/uploads/2021/01/RIBBON-SEEVAL.jpg
e3ecc15c-518a-4b89-b75f-c48b3dfc36f0	Butter Mixture	100	46.00	32.00	Whats better than the normal mixture? Butter mixture, for sure. Feel the butter in every bite as you karuk-muruk through. Shelf Life: 25 days Ingredients: Besan Flour, Red Chilli Powder, Salt, Roasted Lentils	https://thesattursnacks.com/wp-content/uploads/2020/12/2.BOMBAY-MIXER-1KG-340.jpg
ecfca68f-4ca3-41eb-9261-c98cb2608b15	Classic Mixer	100	46.00	32.00	This irresistible classic salty and spicy snack is a flavour overload for your taste buds, aptly named mixture. Made with a mix of boondhi, crunchy omapodi (sev), peanuts, deep fried curry leaves and a whole host of other crunchy delicacies, this snack can be eaten by the handful or sprinkled atop your favourite rice dishes! Shelf Life: 25 days Ingredients: Besan Flour, Red Chilli Powder, Salt, Curry Leaves, Roasted Rice Flakes, Potato Chips	https://thesattursnacks.com/wp-content/uploads/2020/12/9.CLASSIC-MIXER-1KG-340.jpg
\.
COPY tamilnadu_sweet_classics (id, product_name, weight, price, discounted_price, description, image_url) FROM stdin;
2665744e-1c1a-411c-81a9-5da318a28faf	Karuppatti Laddu	100	30.00	50.00	A rich palm jaggery laddoo with deep caramel tones and rustic, earthy sweetness.	https://thesattursnacks.com/wp-content/uploads/2021/01/KARUPPATTI-LADDU-300x300.jpg
3e98255f-219d-4a5a-9ffb-b0e76823be06	Paasipayar Laddu	100	46.00	50.00	A light, protein-packed green gram laddoo with a delicate roasted flavor and subtle sweetness.	https://thesattursnacks.com/wp-content/uploads/2021/01/PAASIPAYAR-LADDU-300x300.jpg
85b62a20-9f24-4e22-85a6-a411f5f3a435	Groundnut Laddu	100	44.00	50.00	A crunchy peanut laddoo bound with jaggery, offering a toasty, nutty snap and natural sweetness.	https://thesattursnacks.com/wp-content/uploads/2021/01/Ground-nut-laddu-300x300.jpg
c590c429-9b11-4166-bda5-35248faaa807	Karuppatti Halwa	100	44.00	50.00	A silky palm-jaggery halwa with dark caramel notes and slow-cooked richness.	https://thesattursnacks.com/wp-content/uploads/2021/01/karuppatti-halwa-1-300x300.jpg
1c059785-ed88-42a9-927d-47107d8fc459	Athirasam	100	46.00	50.00	A traditional rice flourjaggery pastry, crispy at the edges and soft inside with warm sesame notes.	https://thesattursnacks.com/wp-content/uploads/2020/12/1.ADHIRASAM-1KG-340-300x300.jpg
1dfbc2bb-b1bf-484e-958a-e899f4b15807	Chota Bheem Laddu	100	46.00	50.00	A fun-sized, nutty laddoo with a soft, melt-in-mouth texture and a gentle cardamom finish.	https://thesattursnacks.com/wp-content/uploads/2020/12/8.CHOTTA-BHEEM-LADDU-1KG-360-300x300.jpg
5f0161fc-0dc1-4bbc-be90-567597354ba5	Balaji Laddu	100	46.00	50.00	A classic temple-style laddoo with roasted gram notes, ghee aroma, and festive sweetness in every bite.	https://thesattursnacks.com/wp-content/uploads/2021/01/THIRUATHI-MINI-LADDU-300x300.jpg
e0dd5c25-0d72-4da4-ac71-ea43a3808850	Munthri Kotthu	100	34.00	50.00	A crunchy cashew cluster sweet with a jaggery glaze for bite-sized bursts of nutty caramel.	https://thesattursnacks.com/wp-content/uploads/2021/01/Munthiri-Koththu-300x300.jpg
e59abe0a-a784-4dfc-a61a-ec5b4da9c383	Pottukadalai Laddu	100	34.00	50.00	A crumbly roasted gram laddoo with balanced sweetness and a fragrant ghee finish.	https://thesattursnacks.com/wp-content/uploads/2021/01/PORIKADALAI-LADDU-300x300.jpg
\.
SET session_replication_role = 'origin';
